Rainfall - (MM), Year,Month, Country, ISO3
197,1901,1, Maldives, MDV
139,1901,2, Maldives, MDV
143,1901,3, Maldives, MDV
171,1901,4, Maldives, MDV
223,1901,5, Maldives, MDV
185,1901,6, Maldives, MDV
174,1901,7, Maldives, MDV
191,1901,8, Maldives, MDV
217,1901,9, Maldives, MDV
276,1901,10, Maldives, MDV
202,1901,11, Maldives, MDV
247,1901,12, Maldives, MDV
197,1902,1, Maldives, MDV
139,1902,2, Maldives, MDV
143,1902,3, Maldives, MDV
171,1902,4, Maldives, MDV
223,1902,5, Maldives, MDV
185,1902,6, Maldives, MDV
174,1902,7, Maldives, MDV
191,1902,8, Maldives, MDV
217,1902,9, Maldives, MDV
276,1902,10, Maldives, MDV
202,1902,11, Maldives, MDV
247,1902,12, Maldives, MDV
197,1903,1, Maldives, MDV
139,1903,2, Maldives, MDV
143,1903,3, Maldives, MDV
171,1903,4, Maldives, MDV
223,1903,5, Maldives, MDV
185,1903,6, Maldives, MDV
174,1903,7, Maldives, MDV
191,1903,8, Maldives, MDV
217,1903,9, Maldives, MDV
276,1903,10, Maldives, MDV
202,1903,11, Maldives, MDV
247,1903,12, Maldives, MDV
197,1904,1, Maldives, MDV
139,1904,2, Maldives, MDV
143,1904,3, Maldives, MDV
171,1904,4, Maldives, MDV
223,1904,5, Maldives, MDV
185,1904,6, Maldives, MDV
174,1904,7, Maldives, MDV
191,1904,8, Maldives, MDV
217,1904,9, Maldives, MDV
276,1904,10, Maldives, MDV
202,1904,11, Maldives, MDV
247,1904,12, Maldives, MDV
197,1905,1, Maldives, MDV
139,1905,2, Maldives, MDV
143,1905,3, Maldives, MDV
171,1905,4, Maldives, MDV
223,1905,5, Maldives, MDV
185,1905,6, Maldives, MDV
174,1905,7, Maldives, MDV
191,1905,8, Maldives, MDV
217,1905,9, Maldives, MDV
276,1905,10, Maldives, MDV
202,1905,11, Maldives, MDV
247,1905,12, Maldives, MDV
197,1906,1, Maldives, MDV
139,1906,2, Maldives, MDV
143,1906,3, Maldives, MDV
171,1906,4, Maldives, MDV
223,1906,5, Maldives, MDV
185,1906,6, Maldives, MDV
174,1906,7, Maldives, MDV
191,1906,8, Maldives, MDV
217,1906,9, Maldives, MDV
276,1906,10, Maldives, MDV
202,1906,11, Maldives, MDV
247,1906,12, Maldives, MDV
197,1907,1, Maldives, MDV
139,1907,2, Maldives, MDV
143,1907,3, Maldives, MDV
171,1907,4, Maldives, MDV
223,1907,5, Maldives, MDV
185,1907,6, Maldives, MDV
174,1907,7, Maldives, MDV
191,1907,8, Maldives, MDV
217,1907,9, Maldives, MDV
276,1907,10, Maldives, MDV
202,1907,11, Maldives, MDV
247,1907,12, Maldives, MDV
197,1908,1, Maldives, MDV
139,1908,2, Maldives, MDV
143,1908,3, Maldives, MDV
171,1908,4, Maldives, MDV
223,1908,5, Maldives, MDV
185,1908,6, Maldives, MDV
174,1908,7, Maldives, MDV
191,1908,8, Maldives, MDV
217,1908,9, Maldives, MDV
276,1908,10, Maldives, MDV
202,1908,11, Maldives, MDV
247,1908,12, Maldives, MDV
197,1909,1, Maldives, MDV
139,1909,2, Maldives, MDV
143,1909,3, Maldives, MDV
171,1909,4, Maldives, MDV
223,1909,5, Maldives, MDV
185,1909,6, Maldives, MDV
174,1909,7, Maldives, MDV
191,1909,8, Maldives, MDV
217,1909,9, Maldives, MDV
276,1909,10, Maldives, MDV
202,1909,11, Maldives, MDV
247,1909,12, Maldives, MDV
197,1910,1, Maldives, MDV
139,1910,2, Maldives, MDV
143,1910,3, Maldives, MDV
171,1910,4, Maldives, MDV
223,1910,5, Maldives, MDV
185,1910,6, Maldives, MDV
174,1910,7, Maldives, MDV
191,1910,8, Maldives, MDV
217,1910,9, Maldives, MDV
276,1910,10, Maldives, MDV
202,1910,11, Maldives, MDV
247,1910,12, Maldives, MDV
197,1911,1, Maldives, MDV
139,1911,2, Maldives, MDV
143,1911,3, Maldives, MDV
171,1911,4, Maldives, MDV
223,1911,5, Maldives, MDV
185,1911,6, Maldives, MDV
174,1911,7, Maldives, MDV
191,1911,8, Maldives, MDV
217,1911,9, Maldives, MDV
276,1911,10, Maldives, MDV
202,1911,11, Maldives, MDV
247,1911,12, Maldives, MDV
197,1912,1, Maldives, MDV
139,1912,2, Maldives, MDV
143,1912,3, Maldives, MDV
171,1912,4, Maldives, MDV
223,1912,5, Maldives, MDV
185,1912,6, Maldives, MDV
174,1912,7, Maldives, MDV
191,1912,8, Maldives, MDV
217,1912,9, Maldives, MDV
276,1912,10, Maldives, MDV
202,1912,11, Maldives, MDV
247,1912,12, Maldives, MDV
197,1913,1, Maldives, MDV
139,1913,2, Maldives, MDV
143,1913,3, Maldives, MDV
171,1913,4, Maldives, MDV
223,1913,5, Maldives, MDV
185,1913,6, Maldives, MDV
174,1913,7, Maldives, MDV
191,1913,8, Maldives, MDV
217,1913,9, Maldives, MDV
276,1913,10, Maldives, MDV
202,1913,11, Maldives, MDV
247,1913,12, Maldives, MDV
197,1914,1, Maldives, MDV
139,1914,2, Maldives, MDV
143,1914,3, Maldives, MDV
171,1914,4, Maldives, MDV
223,1914,5, Maldives, MDV
185,1914,6, Maldives, MDV
174,1914,7, Maldives, MDV
191,1914,8, Maldives, MDV
217,1914,9, Maldives, MDV
276,1914,10, Maldives, MDV
202,1914,11, Maldives, MDV
247,1914,12, Maldives, MDV
197,1915,1, Maldives, MDV
139,1915,2, Maldives, MDV
143,1915,3, Maldives, MDV
171,1915,4, Maldives, MDV
223,1915,5, Maldives, MDV
185,1915,6, Maldives, MDV
174,1915,7, Maldives, MDV
191,1915,8, Maldives, MDV
217,1915,9, Maldives, MDV
276,1915,10, Maldives, MDV
202,1915,11, Maldives, MDV
247,1915,12, Maldives, MDV
197,1916,1, Maldives, MDV
139,1916,2, Maldives, MDV
143,1916,3, Maldives, MDV
171,1916,4, Maldives, MDV
223,1916,5, Maldives, MDV
185,1916,6, Maldives, MDV
174,1916,7, Maldives, MDV
191,1916,8, Maldives, MDV
217,1916,9, Maldives, MDV
276,1916,10, Maldives, MDV
202,1916,11, Maldives, MDV
247,1916,12, Maldives, MDV
197,1917,1, Maldives, MDV
139,1917,2, Maldives, MDV
143,1917,3, Maldives, MDV
171,1917,4, Maldives, MDV
223,1917,5, Maldives, MDV
185,1917,6, Maldives, MDV
174,1917,7, Maldives, MDV
191,1917,8, Maldives, MDV
217,1917,9, Maldives, MDV
276,1917,10, Maldives, MDV
202,1917,11, Maldives, MDV
247,1917,12, Maldives, MDV
197,1918,1, Maldives, MDV
139,1918,2, Maldives, MDV
143,1918,3, Maldives, MDV
171,1918,4, Maldives, MDV
223,1918,5, Maldives, MDV
185,1918,6, Maldives, MDV
174,1918,7, Maldives, MDV
191,1918,8, Maldives, MDV
217,1918,9, Maldives, MDV
276,1918,10, Maldives, MDV
202,1918,11, Maldives, MDV
247,1918,12, Maldives, MDV
197,1919,1, Maldives, MDV
139,1919,2, Maldives, MDV
143,1919,3, Maldives, MDV
171,1919,4, Maldives, MDV
223,1919,5, Maldives, MDV
185,1919,6, Maldives, MDV
174,1919,7, Maldives, MDV
191,1919,8, Maldives, MDV
217,1919,9, Maldives, MDV
276,1919,10, Maldives, MDV
202,1919,11, Maldives, MDV
247,1919,12, Maldives, MDV
197,1920,1, Maldives, MDV
139,1920,2, Maldives, MDV
143,1920,3, Maldives, MDV
171,1920,4, Maldives, MDV
223,1920,5, Maldives, MDV
185,1920,6, Maldives, MDV
174,1920,7, Maldives, MDV
191,1920,8, Maldives, MDV
217,1920,9, Maldives, MDV
276,1920,10, Maldives, MDV
202,1920,11, Maldives, MDV
247,1920,12, Maldives, MDV
197,1921,1, Maldives, MDV
139,1921,2, Maldives, MDV
143,1921,3, Maldives, MDV
171,1921,4, Maldives, MDV
223,1921,5, Maldives, MDV
185,1921,6, Maldives, MDV
174,1921,7, Maldives, MDV
191,1921,8, Maldives, MDV
217,1921,9, Maldives, MDV
276,1921,10, Maldives, MDV
202,1921,11, Maldives, MDV
247,1921,12, Maldives, MDV
197,1922,1, Maldives, MDV
139,1922,2, Maldives, MDV
143,1922,3, Maldives, MDV
171,1922,4, Maldives, MDV
223,1922,5, Maldives, MDV
185,1922,6, Maldives, MDV
174,1922,7, Maldives, MDV
191,1922,8, Maldives, MDV
217,1922,9, Maldives, MDV
276,1922,10, Maldives, MDV
202,1922,11, Maldives, MDV
247,1922,12, Maldives, MDV
197,1923,1, Maldives, MDV
139,1923,2, Maldives, MDV
143,1923,3, Maldives, MDV
171,1923,4, Maldives, MDV
223,1923,5, Maldives, MDV
185,1923,6, Maldives, MDV
174,1923,7, Maldives, MDV
191,1923,8, Maldives, MDV
217,1923,9, Maldives, MDV
276,1923,10, Maldives, MDV
202,1923,11, Maldives, MDV
247,1923,12, Maldives, MDV
197,1924,1, Maldives, MDV
139,1924,2, Maldives, MDV
143,1924,3, Maldives, MDV
171,1924,4, Maldives, MDV
223,1924,5, Maldives, MDV
185,1924,6, Maldives, MDV
174,1924,7, Maldives, MDV
191,1924,8, Maldives, MDV
217,1924,9, Maldives, MDV
276,1924,10, Maldives, MDV
202,1924,11, Maldives, MDV
247,1924,12, Maldives, MDV
197,1925,1, Maldives, MDV
139,1925,2, Maldives, MDV
143,1925,3, Maldives, MDV
171,1925,4, Maldives, MDV
223,1925,5, Maldives, MDV
185,1925,6, Maldives, MDV
174,1925,7, Maldives, MDV
191,1925,8, Maldives, MDV
217,1925,9, Maldives, MDV
276,1925,10, Maldives, MDV
202,1925,11, Maldives, MDV
247,1925,12, Maldives, MDV
197,1926,1, Maldives, MDV
139,1926,2, Maldives, MDV
143,1926,3, Maldives, MDV
171,1926,4, Maldives, MDV
223,1926,5, Maldives, MDV
185,1926,6, Maldives, MDV
174,1926,7, Maldives, MDV
191,1926,8, Maldives, MDV
217,1926,9, Maldives, MDV
276,1926,10, Maldives, MDV
202,1926,11, Maldives, MDV
247,1926,12, Maldives, MDV
197,1927,1, Maldives, MDV
139,1927,2, Maldives, MDV
143,1927,3, Maldives, MDV
171,1927,4, Maldives, MDV
223,1927,5, Maldives, MDV
185,1927,6, Maldives, MDV
174,1927,7, Maldives, MDV
191,1927,8, Maldives, MDV
217,1927,9, Maldives, MDV
276,1927,10, Maldives, MDV
202,1927,11, Maldives, MDV
247,1927,12, Maldives, MDV
197,1928,1, Maldives, MDV
139,1928,2, Maldives, MDV
143,1928,3, Maldives, MDV
171,1928,4, Maldives, MDV
223,1928,5, Maldives, MDV
185,1928,6, Maldives, MDV
174,1928,7, Maldives, MDV
191,1928,8, Maldives, MDV
217,1928,9, Maldives, MDV
276,1928,10, Maldives, MDV
202,1928,11, Maldives, MDV
247,1928,12, Maldives, MDV
197,1929,1, Maldives, MDV
139,1929,2, Maldives, MDV
143,1929,3, Maldives, MDV
171,1929,4, Maldives, MDV
223,1929,5, Maldives, MDV
185,1929,6, Maldives, MDV
174,1929,7, Maldives, MDV
191,1929,8, Maldives, MDV
217,1929,9, Maldives, MDV
276,1929,10, Maldives, MDV
202,1929,11, Maldives, MDV
247,1929,12, Maldives, MDV
197,1930,1, Maldives, MDV
139,1930,2, Maldives, MDV
143,1930,3, Maldives, MDV
171,1930,4, Maldives, MDV
223,1930,5, Maldives, MDV
185,1930,6, Maldives, MDV
174,1930,7, Maldives, MDV
191,1930,8, Maldives, MDV
217,1930,9, Maldives, MDV
276,1930,10, Maldives, MDV
202,1930,11, Maldives, MDV
247,1930,12, Maldives, MDV
197,1931,1, Maldives, MDV
139,1931,2, Maldives, MDV
143,1931,3, Maldives, MDV
171,1931,4, Maldives, MDV
223,1931,5, Maldives, MDV
185,1931,6, Maldives, MDV
174,1931,7, Maldives, MDV
191,1931,8, Maldives, MDV
217,1931,9, Maldives, MDV
276,1931,10, Maldives, MDV
202,1931,11, Maldives, MDV
247,1931,12, Maldives, MDV
197,1932,1, Maldives, MDV
139,1932,2, Maldives, MDV
143,1932,3, Maldives, MDV
171,1932,4, Maldives, MDV
223,1932,5, Maldives, MDV
185,1932,6, Maldives, MDV
174,1932,7, Maldives, MDV
191,1932,8, Maldives, MDV
217,1932,9, Maldives, MDV
276,1932,10, Maldives, MDV
202,1932,11, Maldives, MDV
247,1932,12, Maldives, MDV
197,1933,1, Maldives, MDV
139,1933,2, Maldives, MDV
143,1933,3, Maldives, MDV
171,1933,4, Maldives, MDV
223,1933,5, Maldives, MDV
185,1933,6, Maldives, MDV
174,1933,7, Maldives, MDV
191,1933,8, Maldives, MDV
217,1933,9, Maldives, MDV
276,1933,10, Maldives, MDV
202,1933,11, Maldives, MDV
247,1933,12, Maldives, MDV
197,1934,1, Maldives, MDV
139,1934,2, Maldives, MDV
143,1934,3, Maldives, MDV
171,1934,4, Maldives, MDV
223,1934,5, Maldives, MDV
185,1934,6, Maldives, MDV
174,1934,7, Maldives, MDV
191,1934,8, Maldives, MDV
217,1934,9, Maldives, MDV
276,1934,10, Maldives, MDV
202,1934,11, Maldives, MDV
247,1934,12, Maldives, MDV
197,1935,1, Maldives, MDV
139,1935,2, Maldives, MDV
143,1935,3, Maldives, MDV
171,1935,4, Maldives, MDV
223,1935,5, Maldives, MDV
185,1935,6, Maldives, MDV
174,1935,7, Maldives, MDV
191,1935,8, Maldives, MDV
217,1935,9, Maldives, MDV
276,1935,10, Maldives, MDV
202,1935,11, Maldives, MDV
247,1935,12, Maldives, MDV
197,1936,1, Maldives, MDV
139,1936,2, Maldives, MDV
143,1936,3, Maldives, MDV
171,1936,4, Maldives, MDV
223,1936,5, Maldives, MDV
185,1936,6, Maldives, MDV
174,1936,7, Maldives, MDV
191,1936,8, Maldives, MDV
217,1936,9, Maldives, MDV
276,1936,10, Maldives, MDV
202,1936,11, Maldives, MDV
247,1936,12, Maldives, MDV
197,1937,1, Maldives, MDV
139,1937,2, Maldives, MDV
143,1937,3, Maldives, MDV
171,1937,4, Maldives, MDV
223,1937,5, Maldives, MDV
185,1937,6, Maldives, MDV
174,1937,7, Maldives, MDV
191,1937,8, Maldives, MDV
217,1937,9, Maldives, MDV
276,1937,10, Maldives, MDV
202,1937,11, Maldives, MDV
247,1937,12, Maldives, MDV
197,1938,1, Maldives, MDV
139,1938,2, Maldives, MDV
143,1938,3, Maldives, MDV
171,1938,4, Maldives, MDV
223,1938,5, Maldives, MDV
185,1938,6, Maldives, MDV
174,1938,7, Maldives, MDV
191,1938,8, Maldives, MDV
217,1938,9, Maldives, MDV
276,1938,10, Maldives, MDV
202,1938,11, Maldives, MDV
247,1938,12, Maldives, MDV
197,1939,1, Maldives, MDV
139,1939,2, Maldives, MDV
143,1939,3, Maldives, MDV
171,1939,4, Maldives, MDV
223,1939,5, Maldives, MDV
185,1939,6, Maldives, MDV
174,1939,7, Maldives, MDV
191,1939,8, Maldives, MDV
217,1939,9, Maldives, MDV
276,1939,10, Maldives, MDV
202,1939,11, Maldives, MDV
247,1939,12, Maldives, MDV
197,1940,1, Maldives, MDV
139,1940,2, Maldives, MDV
143,1940,3, Maldives, MDV
171,1940,4, Maldives, MDV
223,1940,5, Maldives, MDV
185,1940,6, Maldives, MDV
174,1940,7, Maldives, MDV
191,1940,8, Maldives, MDV
217,1940,9, Maldives, MDV
276,1940,10, Maldives, MDV
202,1940,11, Maldives, MDV
247,1940,12, Maldives, MDV
197,1941,1, Maldives, MDV
139,1941,2, Maldives, MDV
143,1941,3, Maldives, MDV
171,1941,4, Maldives, MDV
223,1941,5, Maldives, MDV
185,1941,6, Maldives, MDV
174,1941,7, Maldives, MDV
191,1941,8, Maldives, MDV
217,1941,9, Maldives, MDV
276,1941,10, Maldives, MDV
202,1941,11, Maldives, MDV
247,1941,12, Maldives, MDV
197,1942,1, Maldives, MDV
139,1942,2, Maldives, MDV
143,1942,3, Maldives, MDV
171,1942,4, Maldives, MDV
223,1942,5, Maldives, MDV
185,1942,6, Maldives, MDV
174,1942,7, Maldives, MDV
191,1942,8, Maldives, MDV
217,1942,9, Maldives, MDV
276,1942,10, Maldives, MDV
202,1942,11, Maldives, MDV
247,1942,12, Maldives, MDV
197,1943,1, Maldives, MDV
139,1943,2, Maldives, MDV
143,1943,3, Maldives, MDV
171,1943,4, Maldives, MDV
223,1943,5, Maldives, MDV
185,1943,6, Maldives, MDV
174,1943,7, Maldives, MDV
191,1943,8, Maldives, MDV
217,1943,9, Maldives, MDV
276,1943,10, Maldives, MDV
202,1943,11, Maldives, MDV
247,1943,12, Maldives, MDV
197,1944,1, Maldives, MDV
139,1944,2, Maldives, MDV
143,1944,3, Maldives, MDV
171,1944,4, Maldives, MDV
223,1944,5, Maldives, MDV
185,1944,6, Maldives, MDV
174,1944,7, Maldives, MDV
191,1944,8, Maldives, MDV
217,1944,9, Maldives, MDV
276,1944,10, Maldives, MDV
202,1944,11, Maldives, MDV
247,1944,12, Maldives, MDV
197,1945,1, Maldives, MDV
139,1945,2, Maldives, MDV
143,1945,3, Maldives, MDV
171,1945,4, Maldives, MDV
223,1945,5, Maldives, MDV
185,1945,6, Maldives, MDV
174,1945,7, Maldives, MDV
191,1945,8, Maldives, MDV
217,1945,9, Maldives, MDV
276,1945,10, Maldives, MDV
202,1945,11, Maldives, MDV
247,1945,12, Maldives, MDV
197,1946,1, Maldives, MDV
139,1946,2, Maldives, MDV
143,1946,3, Maldives, MDV
171,1946,4, Maldives, MDV
223,1946,5, Maldives, MDV
185,1946,6, Maldives, MDV
174,1946,7, Maldives, MDV
191,1946,8, Maldives, MDV
217,1946,9, Maldives, MDV
276,1946,10, Maldives, MDV
202,1946,11, Maldives, MDV
247,1946,12, Maldives, MDV
197,1947,1, Maldives, MDV
139,1947,2, Maldives, MDV
143,1947,3, Maldives, MDV
171,1947,4, Maldives, MDV
223,1947,5, Maldives, MDV
185,1947,6, Maldives, MDV
174,1947,7, Maldives, MDV
191,1947,8, Maldives, MDV
217,1947,9, Maldives, MDV
276,1947,10, Maldives, MDV
202,1947,11, Maldives, MDV
247,1947,12, Maldives, MDV
197,1948,1, Maldives, MDV
139,1948,2, Maldives, MDV
143,1948,3, Maldives, MDV
171,1948,4, Maldives, MDV
223,1948,5, Maldives, MDV
185,1948,6, Maldives, MDV
174,1948,7, Maldives, MDV
191,1948,8, Maldives, MDV
217,1948,9, Maldives, MDV
276,1948,10, Maldives, MDV
202,1948,11, Maldives, MDV
247,1948,12, Maldives, MDV
197,1949,1, Maldives, MDV
139,1949,2, Maldives, MDV
143,1949,3, Maldives, MDV
171,1949,4, Maldives, MDV
223,1949,5, Maldives, MDV
185,1949,6, Maldives, MDV
174,1949,7, Maldives, MDV
191,1949,8, Maldives, MDV
217,1949,9, Maldives, MDV
276,1949,10, Maldives, MDV
202,1949,11, Maldives, MDV
247,1949,12, Maldives, MDV
197,1950,1, Maldives, MDV
139,1950,2, Maldives, MDV
143,1950,3, Maldives, MDV
171,1950,4, Maldives, MDV
223,1950,5, Maldives, MDV
185,1950,6, Maldives, MDV
174,1950,7, Maldives, MDV
191,1950,8, Maldives, MDV
217,1950,9, Maldives, MDV
276,1950,10, Maldives, MDV
202,1950,11, Maldives, MDV
247,1950,12, Maldives, MDV
197,1951,1, Maldives, MDV
139,1951,2, Maldives, MDV
143,1951,3, Maldives, MDV
171,1951,4, Maldives, MDV
223,1951,5, Maldives, MDV
185,1951,6, Maldives, MDV
174,1951,7, Maldives, MDV
191,1951,8, Maldives, MDV
217,1951,9, Maldives, MDV
276,1951,10, Maldives, MDV
202,1951,11, Maldives, MDV
247,1951,12, Maldives, MDV
197,1952,1, Maldives, MDV
139,1952,2, Maldives, MDV
143,1952,3, Maldives, MDV
171,1952,4, Maldives, MDV
223,1952,5, Maldives, MDV
185,1952,6, Maldives, MDV
174,1952,7, Maldives, MDV
191,1952,8, Maldives, MDV
217,1952,9, Maldives, MDV
276,1952,10, Maldives, MDV
202,1952,11, Maldives, MDV
247,1952,12, Maldives, MDV
197,1953,1, Maldives, MDV
139,1953,2, Maldives, MDV
143,1953,3, Maldives, MDV
171,1953,4, Maldives, MDV
223,1953,5, Maldives, MDV
185,1953,6, Maldives, MDV
174,1953,7, Maldives, MDV
191,1953,8, Maldives, MDV
217,1953,9, Maldives, MDV
276,1953,10, Maldives, MDV
202,1953,11, Maldives, MDV
247,1953,12, Maldives, MDV
197,1954,1, Maldives, MDV
139,1954,2, Maldives, MDV
143,1954,3, Maldives, MDV
171,1954,4, Maldives, MDV
223,1954,5, Maldives, MDV
185,1954,6, Maldives, MDV
174,1954,7, Maldives, MDV
191,1954,8, Maldives, MDV
217,1954,9, Maldives, MDV
276,1954,10, Maldives, MDV
202,1954,11, Maldives, MDV
247,1954,12, Maldives, MDV
197,1955,1, Maldives, MDV
139,1955,2, Maldives, MDV
143,1955,3, Maldives, MDV
171,1955,4, Maldives, MDV
223,1955,5, Maldives, MDV
185,1955,6, Maldives, MDV
174,1955,7, Maldives, MDV
191,1955,8, Maldives, MDV
217,1955,9, Maldives, MDV
276,1955,10, Maldives, MDV
202,1955,11, Maldives, MDV
247,1955,12, Maldives, MDV
197,1956,1, Maldives, MDV
139,1956,2, Maldives, MDV
143,1956,3, Maldives, MDV
171,1956,4, Maldives, MDV
223,1956,5, Maldives, MDV
185,1956,6, Maldives, MDV
174,1956,7, Maldives, MDV
191,1956,8, Maldives, MDV
217,1956,9, Maldives, MDV
276,1956,10, Maldives, MDV
202,1956,11, Maldives, MDV
247,1956,12, Maldives, MDV
197,1957,1, Maldives, MDV
139,1957,2, Maldives, MDV
143,1957,3, Maldives, MDV
171,1957,4, Maldives, MDV
223,1957,5, Maldives, MDV
185,1957,6, Maldives, MDV
174,1957,7, Maldives, MDV
191,1957,8, Maldives, MDV
217,1957,9, Maldives, MDV
276,1957,10, Maldives, MDV
202,1957,11, Maldives, MDV
247,1957,12, Maldives, MDV
197,1958,1, Maldives, MDV
139,1958,2, Maldives, MDV
143,1958,3, Maldives, MDV
171,1958,4, Maldives, MDV
223,1958,5, Maldives, MDV
185,1958,6, Maldives, MDV
174,1958,7, Maldives, MDV
191,1958,8, Maldives, MDV
217,1958,9, Maldives, MDV
276,1958,10, Maldives, MDV
202,1958,11, Maldives, MDV
247,1958,12, Maldives, MDV
197,1959,1, Maldives, MDV
139,1959,2, Maldives, MDV
143,1959,3, Maldives, MDV
171,1959,4, Maldives, MDV
223,1959,5, Maldives, MDV
185,1959,6, Maldives, MDV
174,1959,7, Maldives, MDV
191,1959,8, Maldives, MDV
217,1959,9, Maldives, MDV
276,1959,10, Maldives, MDV
202,1959,11, Maldives, MDV
247,1959,12, Maldives, MDV
197,1960,1, Maldives, MDV
139,1960,2, Maldives, MDV
143,1960,3, Maldives, MDV
171,1960,4, Maldives, MDV
223,1960,5, Maldives, MDV
185,1960,6, Maldives, MDV
174,1960,7, Maldives, MDV
191,1960,8, Maldives, MDV
217,1960,9, Maldives, MDV
276,1960,10, Maldives, MDV
202,1960,11, Maldives, MDV
247,1960,12, Maldives, MDV
197,1961,1, Maldives, MDV
139,1961,2, Maldives, MDV
143,1961,3, Maldives, MDV
171,1961,4, Maldives, MDV
223,1961,5, Maldives, MDV
185,1961,6, Maldives, MDV
174,1961,7, Maldives, MDV
191,1961,8, Maldives, MDV
217,1961,9, Maldives, MDV
276,1961,10, Maldives, MDV
202,1961,11, Maldives, MDV
247,1961,12, Maldives, MDV
197,1962,1, Maldives, MDV
139,1962,2, Maldives, MDV
143,1962,3, Maldives, MDV
171,1962,4, Maldives, MDV
223,1962,5, Maldives, MDV
185,1962,6, Maldives, MDV
174,1962,7, Maldives, MDV
191,1962,8, Maldives, MDV
217,1962,9, Maldives, MDV
276,1962,10, Maldives, MDV
202,1962,11, Maldives, MDV
247,1962,12, Maldives, MDV
197,1963,1, Maldives, MDV
139,1963,2, Maldives, MDV
143,1963,3, Maldives, MDV
171,1963,4, Maldives, MDV
223,1963,5, Maldives, MDV
185,1963,6, Maldives, MDV
174,1963,7, Maldives, MDV
191,1963,8, Maldives, MDV
217,1963,9, Maldives, MDV
276,1963,10, Maldives, MDV
202,1963,11, Maldives, MDV
247,1963,12, Maldives, MDV
197,1964,1, Maldives, MDV
139,1964,2, Maldives, MDV
143,1964,3, Maldives, MDV
171,1964,4, Maldives, MDV
223,1964,5, Maldives, MDV
185,1964,6, Maldives, MDV
174,1964,7, Maldives, MDV
191,1964,8, Maldives, MDV
217,1964,9, Maldives, MDV
276,1964,10, Maldives, MDV
202,1964,11, Maldives, MDV
247,1964,12, Maldives, MDV
197,1965,1, Maldives, MDV
139,1965,2, Maldives, MDV
143,1965,3, Maldives, MDV
171,1965,4, Maldives, MDV
223,1965,5, Maldives, MDV
185,1965,6, Maldives, MDV
174,1965,7, Maldives, MDV
191,1965,8, Maldives, MDV
217,1965,9, Maldives, MDV
276,1965,10, Maldives, MDV
202,1965,11, Maldives, MDV
247,1965,12, Maldives, MDV
197,1966,1, Maldives, MDV
139,1966,2, Maldives, MDV
143,1966,3, Maldives, MDV
171,1966,4, Maldives, MDV
223,1966,5, Maldives, MDV
185,1966,6, Maldives, MDV
174,1966,7, Maldives, MDV
191,1966,8, Maldives, MDV
217,1966,9, Maldives, MDV
276,1966,10, Maldives, MDV
202,1966,11, Maldives, MDV
247,1966,12, Maldives, MDV
197,1967,1, Maldives, MDV
139,1967,2, Maldives, MDV
143,1967,3, Maldives, MDV
171,1967,4, Maldives, MDV
223,1967,5, Maldives, MDV
185,1967,6, Maldives, MDV
174,1967,7, Maldives, MDV
191,1967,8, Maldives, MDV
217,1967,9, Maldives, MDV
276,1967,10, Maldives, MDV
202,1967,11, Maldives, MDV
247,1967,12, Maldives, MDV
197,1968,1, Maldives, MDV
139,1968,2, Maldives, MDV
143,1968,3, Maldives, MDV
171,1968,4, Maldives, MDV
223,1968,5, Maldives, MDV
185,1968,6, Maldives, MDV
174,1968,7, Maldives, MDV
191,1968,8, Maldives, MDV
217,1968,9, Maldives, MDV
276,1968,10, Maldives, MDV
202,1968,11, Maldives, MDV
247,1968,12, Maldives, MDV
197,1969,1, Maldives, MDV
139,1969,2, Maldives, MDV
143,1969,3, Maldives, MDV
171,1969,4, Maldives, MDV
223,1969,5, Maldives, MDV
185,1969,6, Maldives, MDV
174,1969,7, Maldives, MDV
191,1969,8, Maldives, MDV
217,1969,9, Maldives, MDV
276,1969,10, Maldives, MDV
202,1969,11, Maldives, MDV
247,1969,12, Maldives, MDV
197,1970,1, Maldives, MDV
139,1970,2, Maldives, MDV
143,1970,3, Maldives, MDV
171,1970,4, Maldives, MDV
223,1970,5, Maldives, MDV
185,1970,6, Maldives, MDV
174,1970,7, Maldives, MDV
191,1970,8, Maldives, MDV
217,1970,9, Maldives, MDV
276,1970,10, Maldives, MDV
202,1970,11, Maldives, MDV
247,1970,12, Maldives, MDV
197,1971,1, Maldives, MDV
139,1971,2, Maldives, MDV
143,1971,3, Maldives, MDV
171,1971,4, Maldives, MDV
223,1971,5, Maldives, MDV
185,1971,6, Maldives, MDV
174,1971,7, Maldives, MDV
191,1971,8, Maldives, MDV
217,1971,9, Maldives, MDV
276,1971,10, Maldives, MDV
202,1971,11, Maldives, MDV
247,1971,12, Maldives, MDV
197,1972,1, Maldives, MDV
139,1972,2, Maldives, MDV
143,1972,3, Maldives, MDV
171,1972,4, Maldives, MDV
223,1972,5, Maldives, MDV
185,1972,6, Maldives, MDV
174,1972,7, Maldives, MDV
191,1972,8, Maldives, MDV
217,1972,9, Maldives, MDV
276,1972,10, Maldives, MDV
202,1972,11, Maldives, MDV
247,1972,12, Maldives, MDV
197,1973,1, Maldives, MDV
139,1973,2, Maldives, MDV
143,1973,3, Maldives, MDV
171,1973,4, Maldives, MDV
223,1973,5, Maldives, MDV
185,1973,6, Maldives, MDV
174,1973,7, Maldives, MDV
191,1973,8, Maldives, MDV
217,1973,9, Maldives, MDV
276,1973,10, Maldives, MDV
202,1973,11, Maldives, MDV
247,1973,12, Maldives, MDV
197,1974,1, Maldives, MDV
139,1974,2, Maldives, MDV
143,1974,3, Maldives, MDV
171,1974,4, Maldives, MDV
223,1974,5, Maldives, MDV
185,1974,6, Maldives, MDV
174,1974,7, Maldives, MDV
191,1974,8, Maldives, MDV
217,1974,9, Maldives, MDV
276,1974,10, Maldives, MDV
202,1974,11, Maldives, MDV
247,1974,12, Maldives, MDV
197,1975,1, Maldives, MDV
139,1975,2, Maldives, MDV
143,1975,3, Maldives, MDV
171,1975,4, Maldives, MDV
223,1975,5, Maldives, MDV
185,1975,6, Maldives, MDV
174,1975,7, Maldives, MDV
191,1975,8, Maldives, MDV
217,1975,9, Maldives, MDV
276,1975,10, Maldives, MDV
202,1975,11, Maldives, MDV
247,1975,12, Maldives, MDV
197,1976,1, Maldives, MDV
139,1976,2, Maldives, MDV
143,1976,3, Maldives, MDV
171,1976,4, Maldives, MDV
223,1976,5, Maldives, MDV
185,1976,6, Maldives, MDV
174,1976,7, Maldives, MDV
191,1976,8, Maldives, MDV
217,1976,9, Maldives, MDV
276,1976,10, Maldives, MDV
202,1976,11, Maldives, MDV
247,1976,12, Maldives, MDV
197,1977,1, Maldives, MDV
139,1977,2, Maldives, MDV
143,1977,3, Maldives, MDV
171,1977,4, Maldives, MDV
223,1977,5, Maldives, MDV
185,1977,6, Maldives, MDV
174,1977,7, Maldives, MDV
191,1977,8, Maldives, MDV
217,1977,9, Maldives, MDV
276,1977,10, Maldives, MDV
202,1977,11, Maldives, MDV
247,1977,12, Maldives, MDV
197,1978,1, Maldives, MDV
139,1978,2, Maldives, MDV
143,1978,3, Maldives, MDV
171,1978,4, Maldives, MDV
223,1978,5, Maldives, MDV
185,1978,6, Maldives, MDV
174,1978,7, Maldives, MDV
191,1978,8, Maldives, MDV
217,1978,9, Maldives, MDV
276,1978,10, Maldives, MDV
202,1978,11, Maldives, MDV
247,1978,12, Maldives, MDV
197,1979,1, Maldives, MDV
139,1979,2, Maldives, MDV
143,1979,3, Maldives, MDV
171,1979,4, Maldives, MDV
223,1979,5, Maldives, MDV
185,1979,6, Maldives, MDV
174,1979,7, Maldives, MDV
191,1979,8, Maldives, MDV
217,1979,9, Maldives, MDV
276,1979,10, Maldives, MDV
202,1979,11, Maldives, MDV
247,1979,12, Maldives, MDV
197,1980,1, Maldives, MDV
139,1980,2, Maldives, MDV
143,1980,3, Maldives, MDV
171,1980,4, Maldives, MDV
223,1980,5, Maldives, MDV
185,1980,6, Maldives, MDV
174,1980,7, Maldives, MDV
191,1980,8, Maldives, MDV
217,1980,9, Maldives, MDV
276,1980,10, Maldives, MDV
202,1980,11, Maldives, MDV
247,1980,12, Maldives, MDV
197,1981,1, Maldives, MDV
139,1981,2, Maldives, MDV
143,1981,3, Maldives, MDV
171,1981,4, Maldives, MDV
223,1981,5, Maldives, MDV
185,1981,6, Maldives, MDV
174,1981,7, Maldives, MDV
191,1981,8, Maldives, MDV
217,1981,9, Maldives, MDV
276,1981,10, Maldives, MDV
202,1981,11, Maldives, MDV
247,1981,12, Maldives, MDV
197,1982,1, Maldives, MDV
139,1982,2, Maldives, MDV
143,1982,3, Maldives, MDV
171,1982,4, Maldives, MDV
223,1982,5, Maldives, MDV
185,1982,6, Maldives, MDV
174,1982,7, Maldives, MDV
191,1982,8, Maldives, MDV
217,1982,9, Maldives, MDV
276,1982,10, Maldives, MDV
202,1982,11, Maldives, MDV
247,1982,12, Maldives, MDV
197,1983,1, Maldives, MDV
139,1983,2, Maldives, MDV
143,1983,3, Maldives, MDV
171,1983,4, Maldives, MDV
223,1983,5, Maldives, MDV
185,1983,6, Maldives, MDV
174,1983,7, Maldives, MDV
191,1983,8, Maldives, MDV
217,1983,9, Maldives, MDV
276,1983,10, Maldives, MDV
202,1983,11, Maldives, MDV
247,1983,12, Maldives, MDV
197,1984,1, Maldives, MDV
139,1984,2, Maldives, MDV
143,1984,3, Maldives, MDV
171,1984,4, Maldives, MDV
223,1984,5, Maldives, MDV
185,1984,6, Maldives, MDV
174,1984,7, Maldives, MDV
191,1984,8, Maldives, MDV
217,1984,9, Maldives, MDV
276,1984,10, Maldives, MDV
202,1984,11, Maldives, MDV
247,1984,12, Maldives, MDV
197,1985,1, Maldives, MDV
139,1985,2, Maldives, MDV
143,1985,3, Maldives, MDV
171,1985,4, Maldives, MDV
223,1985,5, Maldives, MDV
185,1985,6, Maldives, MDV
174,1985,7, Maldives, MDV
191,1985,8, Maldives, MDV
217,1985,9, Maldives, MDV
276,1985,10, Maldives, MDV
202,1985,11, Maldives, MDV
247,1985,12, Maldives, MDV
197,1986,1, Maldives, MDV
139,1986,2, Maldives, MDV
143,1986,3, Maldives, MDV
171,1986,4, Maldives, MDV
223,1986,5, Maldives, MDV
185,1986,6, Maldives, MDV
174,1986,7, Maldives, MDV
191,1986,8, Maldives, MDV
217,1986,9, Maldives, MDV
276,1986,10, Maldives, MDV
202,1986,11, Maldives, MDV
247,1986,12, Maldives, MDV
197,1987,1, Maldives, MDV
139,1987,2, Maldives, MDV
143,1987,3, Maldives, MDV
171,1987,4, Maldives, MDV
223,1987,5, Maldives, MDV
185,1987,6, Maldives, MDV
174,1987,7, Maldives, MDV
191,1987,8, Maldives, MDV
217,1987,9, Maldives, MDV
276,1987,10, Maldives, MDV
202,1987,11, Maldives, MDV
247,1987,12, Maldives, MDV
197,1988,1, Maldives, MDV
139,1988,2, Maldives, MDV
143,1988,3, Maldives, MDV
171,1988,4, Maldives, MDV
223,1988,5, Maldives, MDV
185,1988,6, Maldives, MDV
174,1988,7, Maldives, MDV
191,1988,8, Maldives, MDV
217,1988,9, Maldives, MDV
276,1988,10, Maldives, MDV
202,1988,11, Maldives, MDV
247,1988,12, Maldives, MDV
197,1989,1, Maldives, MDV
139,1989,2, Maldives, MDV
143,1989,3, Maldives, MDV
171,1989,4, Maldives, MDV
223,1989,5, Maldives, MDV
185,1989,6, Maldives, MDV
174,1989,7, Maldives, MDV
191,1989,8, Maldives, MDV
217,1989,9, Maldives, MDV
276,1989,10, Maldives, MDV
202,1989,11, Maldives, MDV
247,1989,12, Maldives, MDV
197,1990,1, Maldives, MDV
139,1990,2, Maldives, MDV
143,1990,3, Maldives, MDV
171,1990,4, Maldives, MDV
223,1990,5, Maldives, MDV
185,1990,6, Maldives, MDV
174,1990,7, Maldives, MDV
191,1990,8, Maldives, MDV
217,1990,9, Maldives, MDV
276,1990,10, Maldives, MDV
202,1990,11, Maldives, MDV
247,1990,12, Maldives, MDV
197,1991,1, Maldives, MDV
139,1991,2, Maldives, MDV
143,1991,3, Maldives, MDV
171,1991,4, Maldives, MDV
223,1991,5, Maldives, MDV
185,1991,6, Maldives, MDV
174,1991,7, Maldives, MDV
191,1991,8, Maldives, MDV
217,1991,9, Maldives, MDV
276,1991,10, Maldives, MDV
202,1991,11, Maldives, MDV
247,1991,12, Maldives, MDV
197,1992,1, Maldives, MDV
139,1992,2, Maldives, MDV
143,1992,3, Maldives, MDV
171,1992,4, Maldives, MDV
223,1992,5, Maldives, MDV
185,1992,6, Maldives, MDV
174,1992,7, Maldives, MDV
191,1992,8, Maldives, MDV
217,1992,9, Maldives, MDV
276,1992,10, Maldives, MDV
202,1992,11, Maldives, MDV
247,1992,12, Maldives, MDV
197,1993,1, Maldives, MDV
139,1993,2, Maldives, MDV
143,1993,3, Maldives, MDV
171,1993,4, Maldives, MDV
223,1993,5, Maldives, MDV
185,1993,6, Maldives, MDV
174,1993,7, Maldives, MDV
191,1993,8, Maldives, MDV
217,1993,9, Maldives, MDV
276,1993,10, Maldives, MDV
202,1993,11, Maldives, MDV
247,1993,12, Maldives, MDV
197,1994,1, Maldives, MDV
139,1994,2, Maldives, MDV
143,1994,3, Maldives, MDV
171,1994,4, Maldives, MDV
223,1994,5, Maldives, MDV
185,1994,6, Maldives, MDV
174,1994,7, Maldives, MDV
191,1994,8, Maldives, MDV
217,1994,9, Maldives, MDV
276,1994,10, Maldives, MDV
202,1994,11, Maldives, MDV
247,1994,12, Maldives, MDV
197,1995,1, Maldives, MDV
139,1995,2, Maldives, MDV
143,1995,3, Maldives, MDV
171,1995,4, Maldives, MDV
223,1995,5, Maldives, MDV
185,1995,6, Maldives, MDV
174,1995,7, Maldives, MDV
191,1995,8, Maldives, MDV
217,1995,9, Maldives, MDV
276,1995,10, Maldives, MDV
202,1995,11, Maldives, MDV
247,1995,12, Maldives, MDV
197,1996,1, Maldives, MDV
139,1996,2, Maldives, MDV
143,1996,3, Maldives, MDV
171,1996,4, Maldives, MDV
223,1996,5, Maldives, MDV
185,1996,6, Maldives, MDV
174,1996,7, Maldives, MDV
191,1996,8, Maldives, MDV
217,1996,9, Maldives, MDV
276,1996,10, Maldives, MDV
202,1996,11, Maldives, MDV
247,1996,12, Maldives, MDV
197,1997,1, Maldives, MDV
139,1997,2, Maldives, MDV
143,1997,3, Maldives, MDV
171,1997,4, Maldives, MDV
223,1997,5, Maldives, MDV
185,1997,6, Maldives, MDV
174,1997,7, Maldives, MDV
191,1997,8, Maldives, MDV
217,1997,9, Maldives, MDV
276,1997,10, Maldives, MDV
202,1997,11, Maldives, MDV
247,1997,12, Maldives, MDV
197,1998,1, Maldives, MDV
139,1998,2, Maldives, MDV
143,1998,3, Maldives, MDV
171,1998,4, Maldives, MDV
223,1998,5, Maldives, MDV
185,1998,6, Maldives, MDV
174,1998,7, Maldives, MDV
191,1998,8, Maldives, MDV
217,1998,9, Maldives, MDV
276,1998,10, Maldives, MDV
202,1998,11, Maldives, MDV
247,1998,12, Maldives, MDV
197,1999,1, Maldives, MDV
139,1999,2, Maldives, MDV
143,1999,3, Maldives, MDV
171,1999,4, Maldives, MDV
223,1999,5, Maldives, MDV
185,1999,6, Maldives, MDV
174,1999,7, Maldives, MDV
191,1999,8, Maldives, MDV
217,1999,9, Maldives, MDV
276,1999,10, Maldives, MDV
202,1999,11, Maldives, MDV
247,1999,12, Maldives, MDV
197,2000,1, Maldives, MDV
139,2000,2, Maldives, MDV
143,2000,3, Maldives, MDV
171,2000,4, Maldives, MDV
223,2000,5, Maldives, MDV
185,2000,6, Maldives, MDV
174,2000,7, Maldives, MDV
191,2000,8, Maldives, MDV
217,2000,9, Maldives, MDV
276,2000,10, Maldives, MDV
202,2000,11, Maldives, MDV
247,2000,12, Maldives, MDV
197,2001,1, Maldives, MDV
139,2001,2, Maldives, MDV
143,2001,3, Maldives, MDV
171,2001,4, Maldives, MDV
223,2001,5, Maldives, MDV
185,2001,6, Maldives, MDV
174,2001,7, Maldives, MDV
191,2001,8, Maldives, MDV
217,2001,9, Maldives, MDV
276,2001,10, Maldives, MDV
202,2001,11, Maldives, MDV
247,2001,12, Maldives, MDV
197,2002,1, Maldives, MDV
139,2002,2, Maldives, MDV
143,2002,3, Maldives, MDV
171,2002,4, Maldives, MDV
223,2002,5, Maldives, MDV
185,2002,6, Maldives, MDV
174,2002,7, Maldives, MDV
191,2002,8, Maldives, MDV
217,2002,9, Maldives, MDV
276,2002,10, Maldives, MDV
202,2002,11, Maldives, MDV
247,2002,12, Maldives, MDV
197,2003,1, Maldives, MDV
139,2003,2, Maldives, MDV
143,2003,3, Maldives, MDV
171,2003,4, Maldives, MDV
223,2003,5, Maldives, MDV
185,2003,6, Maldives, MDV
174,2003,7, Maldives, MDV
191,2003,8, Maldives, MDV
217,2003,9, Maldives, MDV
276,2003,10, Maldives, MDV
202,2003,11, Maldives, MDV
247,2003,12, Maldives, MDV
197,2004,1, Maldives, MDV
139,2004,2, Maldives, MDV
143,2004,3, Maldives, MDV
171,2004,4, Maldives, MDV
223,2004,5, Maldives, MDV
185,2004,6, Maldives, MDV
174,2004,7, Maldives, MDV
191,2004,8, Maldives, MDV
217,2004,9, Maldives, MDV
276,2004,10, Maldives, MDV
202,2004,11, Maldives, MDV
247,2004,12, Maldives, MDV
197,2005,1, Maldives, MDV
139,2005,2, Maldives, MDV
143,2005,3, Maldives, MDV
171,2005,4, Maldives, MDV
223,2005,5, Maldives, MDV
185,2005,6, Maldives, MDV
174,2005,7, Maldives, MDV
191,2005,8, Maldives, MDV
217,2005,9, Maldives, MDV
276,2005,10, Maldives, MDV
202,2005,11, Maldives, MDV
247,2005,12, Maldives, MDV
197,2006,1, Maldives, MDV
139,2006,2, Maldives, MDV
143,2006,3, Maldives, MDV
171,2006,4, Maldives, MDV
223,2006,5, Maldives, MDV
185,2006,6, Maldives, MDV
174,2006,7, Maldives, MDV
191,2006,8, Maldives, MDV
217,2006,9, Maldives, MDV
276,2006,10, Maldives, MDV
202,2006,11, Maldives, MDV
247,2006,12, Maldives, MDV
197,2007,1, Maldives, MDV
139,2007,2, Maldives, MDV
143,2007,3, Maldives, MDV
171,2007,4, Maldives, MDV
223,2007,5, Maldives, MDV
185,2007,6, Maldives, MDV
174,2007,7, Maldives, MDV
191,2007,8, Maldives, MDV
217,2007,9, Maldives, MDV
276,2007,10, Maldives, MDV
202,2007,11, Maldives, MDV
247,2007,12, Maldives, MDV
197,2008,1, Maldives, MDV
139,2008,2, Maldives, MDV
143,2008,3, Maldives, MDV
171,2008,4, Maldives, MDV
223,2008,5, Maldives, MDV
185,2008,6, Maldives, MDV
174,2008,7, Maldives, MDV
191,2008,8, Maldives, MDV
217,2008,9, Maldives, MDV
276,2008,10, Maldives, MDV
202,2008,11, Maldives, MDV
247,2008,12, Maldives, MDV
197,2009,1, Maldives, MDV
139,2009,2, Maldives, MDV
143,2009,3, Maldives, MDV
171,2009,4, Maldives, MDV
223,2009,5, Maldives, MDV
185,2009,6, Maldives, MDV
174,2009,7, Maldives, MDV
191,2009,8, Maldives, MDV
217,2009,9, Maldives, MDV
276,2009,10, Maldives, MDV
202,2009,11, Maldives, MDV
247,2009,12, Maldives, MDV
197,2010,1, Maldives, MDV
139,2010,2, Maldives, MDV
143,2010,3, Maldives, MDV
171,2010,4, Maldives, MDV
223,2010,5, Maldives, MDV
185,2010,6, Maldives, MDV
174,2010,7, Maldives, MDV
191,2010,8, Maldives, MDV
217,2010,9, Maldives, MDV
276,2010,10, Maldives, MDV
202,2010,11, Maldives, MDV
247,2010,12, Maldives, MDV
197,2011,1, Maldives, MDV
139,2011,2, Maldives, MDV
143,2011,3, Maldives, MDV
171,2011,4, Maldives, MDV
223,2011,5, Maldives, MDV
185,2011,6, Maldives, MDV
174,2011,7, Maldives, MDV
191,2011,8, Maldives, MDV
217,2011,9, Maldives, MDV
276,2011,10, Maldives, MDV
202,2011,11, Maldives, MDV
247,2011,12, Maldives, MDV
197,2012,1, Maldives, MDV
139,2012,2, Maldives, MDV
143,2012,3, Maldives, MDV
171,2012,4, Maldives, MDV
223,2012,5, Maldives, MDV
185,2012,6, Maldives, MDV
174,2012,7, Maldives, MDV
191,2012,8, Maldives, MDV
217,2012,9, Maldives, MDV
276,2012,10, Maldives, MDV
202,2012,11, Maldives, MDV
247,2012,12, Maldives, MDV
197,2013,1, Maldives, MDV
139,2013,2, Maldives, MDV
143,2013,3, Maldives, MDV
171,2013,4, Maldives, MDV
223,2013,5, Maldives, MDV
185,2013,6, Maldives, MDV
174,2013,7, Maldives, MDV
191,2013,8, Maldives, MDV
217,2013,9, Maldives, MDV
276,2013,10, Maldives, MDV
202,2013,11, Maldives, MDV
247,2013,12, Maldives, MDV
197,2014,1, Maldives, MDV
139,2014,2, Maldives, MDV
143,2014,3, Maldives, MDV
171,2014,4, Maldives, MDV
223,2014,5, Maldives, MDV
185,2014,6, Maldives, MDV
174,2014,7, Maldives, MDV
191,2014,8, Maldives, MDV
217,2014,9, Maldives, MDV
276,2014,10, Maldives, MDV
202,2014,11, Maldives, MDV
247,2014,12, Maldives, MDV
197,2015,1, Maldives, MDV
139,2015,2, Maldives, MDV
143,2015,3, Maldives, MDV
171,2015,4, Maldives, MDV
223,2015,5, Maldives, MDV
185,2015,6, Maldives, MDV
174,2015,7, Maldives, MDV
191,2015,8, Maldives, MDV
217,2015,9, Maldives, MDV
276,2015,10, Maldives, MDV
202,2015,11, Maldives, MDV
247,2015,12, Maldives, MDV
197,2016,1, Maldives, MDV
139,2016,2, Maldives, MDV
143,2016,3, Maldives, MDV
171,2016,4, Maldives, MDV
223,2016,5, Maldives, MDV
185,2016,6, Maldives, MDV
174,2016,7, Maldives, MDV
191,2016,8, Maldives, MDV
217,2016,9, Maldives, MDV
276,2016,10, Maldives, MDV
202,2016,11, Maldives, MDV
247,2016,12, Maldives, MDV
